id,first_name,last_name,email,gender,ip_address
1,Justinian,Woodruff,jwoodruff0@multiply.com,Male,149.44.5.75
2,Gui,Grece,ggrece1@over-blog.com,Female,207.159.64.128
3,Lizette,Pudner,lpudner2@cargocollective.com,Female,229.59.170.34
4,Reinhold,Ciobotaro,rciobotaro3@macromedia.com,Male,182.141.43.145
5,Emyle,Roz,eroz4@theatlantic.com,Female,47.176.204.237
6,Jilly,Tankin,jtankin5@opera.com,Female,222.111.140.181
7,Rolland,Spilstead,rspilstead6@census.gov,Male,136.221.186.58
8,Susanne,Letchford,sletchford7@wikispaces.com,Female,149.113.220.20
9,Abbe,Kleingrub,akleingrub8@unicef.org,Female,98.93.234.65
10,Waverley,Dinley,wdinley9@163.com,Male,217.65.60.13
11,Flory,Megany,fmeganya@scribd.com,Male,212.173.32.133
12,Bennie,Kidney,bkidneyb@1688.com,Female,153.229.66.32
13,Agosto,Carabet,acarabetc@unicef.org,Male,34.76.26.141
14,Edmon,Noades,enoadesd@harvard.edu,Male,11.225.176.117
15,Shelton,Postlewhite,spostlewhitee@whitehouse.gov,Male,187.19.132.10
16,Pavlov,Ingram,pingramf@baidu.com,Male,13.204.31.133
17,Corbet,Buttress,cbuttressg@topsy.com,Male,103.228.53.249
18,Clair,Cluderay,ccluderayh@imdb.com,Male,90.194.237.210
19,Millie,Genike,mgenikei@theguardian.com,Female,9.131.213.1
20,Benedict,Corbet,bcorbetj@newsvine.com,Male,51.67.188.206
21,Ibrahim,Stobie,istobiek@4shared.com,Male,102.210.0.8
22,Cyndi,Blaxter,cblaxterl@drupal.org,Female,65.99.210.14
23,Moshe,Arminger,marmingerm@seattletimes.com,Male,170.245.207.28
24,Mikey,Woolaston,mwoolastonn@amazon.co.uk,Male,56.174.73.42
25,Algernon,Andrivot,aandrivoto@bbb.org,Male,172.178.206.252
26,Kennan,Sparshatt,ksparshattp@ted.com,Male,215.23.65.23
27,Jimmy,Rundle,jirundley@ow.ly,Male,35.198.118.112
28,Farrel,Gerasch,fgeraschr@rakuten.co.jp,Male,236.58.60.74
29,Arlana,Petters,apetterss@google.es,Female,87.165.217.87
30,Carolus,Reditt,credittt@hugedomains.com,Male,133.12.43.4